[
  {
    "city": "Abazia di Sulmona",
    "country": "IY",
    "country_iso3166": "IT",
    "country_name": "Italy",
    "l": "/q/zmw:00000.1.16227",
    "name": "Cambio dato!!!!",
    "state": "AB",
    "zmw": "00000.1.16227"
  },
  {
    "city": "Abbadia Cerreto",
    "country": "IY",
    "country_iso3166": "IT",
    "country_name": "Italy",
    "l": "/q/zmw:00000.1.16080",
    "name": "Abbadia Cerreto",
    "state": "LM",
    "zmw": "00000.1.16080"
  },{"name":"Abbadia Lariana","city":"Abbadia Lariana","state":"LM","country":"IY","country_iso3166":"IT","country_name":"Italy","zmw":"00000.1.16072","l":"/q/zmw:00000.1.16072"},{"name":"Abbatesse","city":"Abbatesse","state":"ER","country":"IY","country_iso3166":"IT","country_name":"Italy","zmw":"00000.1.16146","l":"/q/zmw:00000.1.16146"},{"name":"Acate","city":"Acate","state":"SI","country":"IY","country_iso3166":"IT","country_name":"Italy","zmw":"00000.1.16475","l":"/q/zmw:00000.1.16475"},{"name":"Acilia","city":"Acilia","state":"LZ","country":"IY","country_iso3166":"IT","country_name":"Italy","zmw":"00000.1.16242","l":"/q/zmw:00000.1.16242"},{"name":"Acqua dei Corsari","city":"Acqua dei Corsari","state":"SI","country":"IY","country_iso3166":"IT","country_name":"Italy","zmw":"00000.1.16410","l":"/q/zmw:00000.1.16410"},{"name":"Acquacalda","city":"Acquacalda","state":"SI","country":"IY","country_iso3166":"IT","country_name":"Italy","zmw":"00000.1.16415","l":"/q/zmw:00000.1.16415"},{"name":"Acquarica del Capo","city":"Acquarica del Capo","state":"PG","country":"IY","country_iso3166":"IT","country_name":"Italy","zmw":"00000.1.16360","l":"/q/zmw:00000.1.16360"},{"name":"Acri","city":"Acri","state":"CL","country":"IY","country_iso3166":"IT","country_name":"Italy","zmw":"00000.1.16344","l":"/q/zmw:00000.1.16344"},{"name":"Adegliacco","city":"Adegliacco","state":"FV","country":"IY","country_iso3166":"IT","country_name":"Italy","zmw":"00000.1.16044","l":"/q/zmw:00000.1.16044"},{"name":"Aglientu","city":"Aglientu","state":"SR","country":"IY","country_iso3166":"IT","country_name":"Italy","zmw":"00000.1.16506","l":"/q/zmw:00000.1.16506"},{"name":"Albagiara","city":"Albagiara","state":"SR","country":"IY","country_iso3166":"IT","country_name":"Italy","zmw":"00000.1.16539","l":"/q/zmw:00000.1.16539"},{"name":"Albano Laziale","city":"Albano Laziale","state":"LZ","country":"IY","country_iso3166":"IT","country_name":"Italy","zmw":"00000.1.16239","l":"/q/zmw:00000.1.16239"},{"name":"Albenga","city":"Albenga","state":"LG","country":"IY","country_iso3166":"IT","country_name":"Italy","zmw":"00000.1.16122","l":"/q/zmw:00000.1.16122"},{"name":"Alberoni","city":"Alberoni","state":"VE","country":"IY","country_iso3166":"IT","country_name":"Italy","zmw":"00000.1.16101","l":"/q/zmw:00000.1.16101"},{"name":"Albugnano","city":"Albugnano","state":"PM","country":"IY","country_iso3166":"IT","country_name":"Italy","zmw":"00000.1.16061","l":"/q/zmw:00000.1.16061"},{"name":"Alghero","city":"Alghero","state":"SR","country":"IY","country_iso3166":"IT","country_name":"Italy","zmw":"00000.116.16520","l":"/q/zmw:00000.116.16520"},{"name":"Altedo","city":"Altedo","state":"ER","country":"IY","country_iso3166":"IT","country_name":"Italy","zmw":"00000.1.16144","l":"/q/zmw:00000.1.16144"},{"name":"Amendola","city":"Amendola","state":"PG","country":"IY","country_iso3166":"IT","country_name":"Italy","zmw":"00000.24.16261","l":"/q/zmw:00000.24.16261"},{"name":"Andreis","city":"Andreis","state":"FV","country":"IY","country_iso3166":"IT","country_name":"Italy","zmw":"00000.1.16037","l":"/q/zmw:00000.1.16037"},{"name":"Arbatax","city":"Arbatax","state":"SR","country":"IY","country_iso3166":"IT","country_name":"Italy","zmw":"00000.1.16550","l":"/q/zmw:00000.1.16550"},{"name":"Arcade","city":"Arcade","state":"VE","country":"IY","country_iso3166":"IT","country_name":"Italy","zmw":"00000.1.16099","l":"/q/zmw:00000.1.16099"},{"name":"Arezzo","city":"Arezzo","state":"TO","country":"IY","country_iso3166":"IT","country_name":"Italy","zmw":"00000.347.16172","l":"/q/zmw:00000.347.16172"},{"name":"Arzene","city":"Arzene","state":"FV","country":"IY","country_iso3166":"IT","country_name":"Italy","zmw":"00000.1.16045","l":"/q/zmw:00000.1.16045"},{"name":"Aviano","city":"Aviano","state":"FV","country":"IY","country_iso3166":"IT","country_name":"Italy","zmw":"00000.297.16036","l":"/q/zmw:00000.297.16036"},{"name":"Avola","city":"Avola","state":"SI","country":"IY","country_iso3166":"IT","country_name":"Italy","zmw":"00000.1.16480","l":"/q/zmw:00000.1.16480"},{"name":"Badi","city":"Badi","state":"ER","country":"IY","country_iso3166":"IT","country_name":"Italy","zmw":"00000.1.16136","l":"/q/zmw:00000.1.16136"},{"name":"Baragazza","city":"Baragazza","state":"ER","country":"IY","country_iso3166":"IT","country_name":"Italy","zmw":"00000.1.16142","l":"/q/zmw:00000.1.16142"},{"name":"Bardonecchia","city":"Bardonecchia","state":"PM","country":"IY","country_iso3166":"IT","country_name":"Italy","zmw":"00000.21.WTOR1","l":"/q/zmw:00000.21.WTOR1"},{"name":"Bari","city":"Bari","state":"PG","country":"IY","country_iso3166":"IT","country_name":"Italy","zmw":"00000.56.16270","l":"/q/zmw:00000.56.16270"},{"name":"Belvedere","city":"Belvedere","state":"LZ","country":"IY","country_iso3166":"IT","country_name":"Italy","zmw":"00000.1.16235","l":"/q/zmw:00000.1.16235"},{"name":"Bergamo","city":"Bergamo","state":"LM","country":"IY","country_iso3166":"IT","country_name":"Italy","zmw":"00000.499.16076","l":"/q/zmw:00000.499.16076"},{"name":"Beverino","city":"Beverino","state":"LG","country":"IY","country_iso3166":"IT","country_name":"Italy","zmw":"00000.1.16129","l":"/q/zmw:00000.1.16129"},{"name":"Birchach","city":"Birchach","state":"7","country":"OS","country_iso3166":"AT","country_name":"Austria","zmw":"00000.1.WLIVE","l":"/q/zmw:00000.1.WLIVE"},{"name":"Bologna","city":"Bologna","state":"ER","country":"IY","country_iso3166":"IT","country_name":"Italy","zmw":"00000.379.16140","l":"/q/zmw:00000.379.16140"},{"name":"Bolzano","city":"Bolzano","state":"TA","country":"IY","country_iso3166":"IT","country_name":"Italy","zmw":"00000.281.16020","l":"/q/zmw:00000.281.16020"},{"name":"Bonifati","city":"Bonifati","state":"CL","country":"IY","country_iso3166":"IT","country_name":"Italy","zmw":"00000.7.16337","l":"/q/zmw:00000.7.16337"},{"name":"Brescia","city":"Brescia","state":"LM","country":"IY","country_iso3166":"IT","country_name":"Italy","zmw":"00000.212.16088","l":"/q/zmw:00000.212.16088"},{"name":"Brindisi","city":"Brindisi","state":"PG","country":"IY","country_iso3166":"IT","country_name":"Italy","zmw":"00000.24.16320","l":"/q/zmw:00000.24.16320"},{"name":"Burcei","city":"Burcei","state":"SR","country":"IY","country_iso3166":"IT","country_name":"Italy","zmw":"00000.1.16542","l":"/q/zmw:00000.1.16542"},{"name":"Burgei","city":"Burgei","state":"TA","country":"IY","country_iso3166":"IT","country_name":"Italy","zmw":"00000.1.16008","l":"/q/zmw:00000.1.16008"},{"name":"Cagnano Varano","city":"Cagnano Varano","state":"PG","country":"IY","country_iso3166":"IT","country_name":"Italy","zmw":"00000.1.16258","l":"/q/zmw:00000.1.16258"},{"name":"Calopezzati","city":"Calopezzati","state":"CL","country":"IY","country_iso3166":"IT","country_name":"Italy","zmw":"00000.6.16338","l":"/q/zmw:00000.6.16338"},{"name":"Campiglia Marittima","city":"Campiglia Marittima","state":"TO","country":"IY","country_iso3166":"IT","country_name":"Italy","zmw":"00000.1.16197","l":"/q/zmw:00000.1.16197"},{"name":"Campobasso","city":"Campobasso","state":"ML","country":"IY","country_iso3166":"IT","country_name":"Italy","zmw":"00000.278.16252","l":"/q/zmw:00000.278.16252"},{"name":"Capo Caccia","city":"Capo Caccia","state":"SR","country":"IY","country_iso3166":"IT","country_name":"Italy","zmw":"00000.9.16522","l":"/q/zmw:00000.9.16522"},{"name":"Capo Mele","city":"Capo Mele","state":"LG","country":"IY","country_iso3166":"IT","country_name":"Italy","zmw":"00000.17.16153","l":"/q/zmw:00000.17.16153"},{"name":"Capo Palinuro","city":"Capo Palinuro","state":"CM","country":"IY","country_iso3166":"IT","country_name":"Italy","zmw":"00000.164.16310","l":"/q/zmw:00000.164.16310"},{"name":"Capri","city":"Capri","state":"CM","country":"IY","country_iso3166":"IT","country_name":"Italy","zmw":"00000.45.16294","l":"/q/zmw:00000.45.16294"},{"name":"Carloforte","city":"Carloforte","state":"SR","country":"IY","country_iso3166":"IT","country_name":"Italy","zmw":"00000.5.16548","l":"/q/zmw:00000.5.16548"},{"name":"Case Nuove","city":"Case Nuove","state":"LZ","country":"IY","country_iso3166":"IT","country_name":"Italy","zmw":"00000.42.16219","l":"/q/zmw:00000.42.16219"},{"name":"Catania","city":"Catania","state":"SI","country":"IY","country_iso3166":"IT","country_name":"Italy","zmw":"00000.145.16460","l":"/q/zmw:00000.145.16460"},{"name":"Ceci","city":"Ceci","state":"ER","country":"IY","country_iso3166":"IT","country_name":"Italy","zmw":"00000.1.16119","l":"/q/zmw:00000.1.16119"},{"name":"Cervia","city":"Cervia","state":"ER","country":"IY","country_iso3166":"IT","country_name":"Italy","zmw":"00000.135.16148","l":"/q/zmw:00000.135.16148"},{"name":"Civitavecchia","city":"Civitavecchia","state":"LZ","country":"IY","country_iso3166":"IT","country_name":"Italy","zmw":"00000.24.16214","l":"/q/zmw:00000.24.16214"},{"name":"Colle Farelli","city":"Colle Farelli","state":"AB","country":"IY","country_iso3166":"IT","country_name":"Italy","zmw":"00000.112.16228","l":"/q/zmw:00000.112.16228"},{"name":"Crotone","city":"Crotone","state":"CL","country":"IY","country_iso3166":"IT","country_name":"Italy","zmw":"00000.129.16350","l":"/q/zmw:00000.129.16350"},{"name":"Decimomannu","city":"Decimomannu","state":"SR","country":"IY","country_iso3166":"IT","country_name":"Italy","zmw":"00000.5.16546","l":"/q/zmw:00000.5.16546"},{"name":"Dobbiaco","city":"Dobbiaco","state":"TA","country":"IY","country_iso3166":"IT","country_name":"Italy","zmw":"00000.40.16033","l":"/q/zmw:00000.40.16033"},{"name":"Enna","city":"Enna","state":"SI","country":"IY","country_iso3166":"IT","country_name":"Italy","zmw":"00000.30.16450","l":"/q/zmw:00000.30.16450"},{"name":"Ferrara","city":"Ferrara","state":"ER","country":"IY","country_iso3166":"IT","country_name":"Italy","zmw":"00000.424.16138","l":"/q/zmw:00000.424.16138"},{"name":"Florence","city":"Florence","state":"TO","country":"IY","country_iso3166":"IT","country_name":"Italy","zmw":"00000.282.16170","l":"/q/zmw:00000.282.16170"},{"name":"Fonni","city":"Fonni","state":"SR","country":"IY","country_iso3166":"IT","country_name":"Italy","zmw":"00000.32.16538","l":"/q/zmw:00000.32.16538"},{"name":"Forli","city":"Forli","state":"ER","country":"IY","country_iso3166":"IT","country_name":"Italy","zmw":"00000.41.16147","l":"/q/zmw:00000.41.16147"},{"name":"Frontone","city":"Frontone","state":"MR","country":"IY","country_iso3166":"IT","country_name":"Italy","zmw":"00000.245.16179","l":"/q/zmw:00000.245.16179"},{"name":"Frosinone","city":"Frosinone","state":"LZ","country":"IY","country_iso3166":"IT","country_name":"Italy","zmw":"00000.189.16244","l":"/q/zmw:00000.189.16244"},{"name":"Gela","city":"Gela","state":"SI","country":"IY","country_iso3166":"IT","country_name":"Italy","zmw":"00000.24.16453","l":"/q/zmw:00000.24.16453"},{"name":"Genoa","city":"Genoa","state":"LG","country":"IY","country_iso3166":"IT","country_name":"Italy","zmw":"00000.288.16120","l":"/q/zmw:00000.288.16120"},{"name":"Gioia Del Colle","city":"Gioia Del Colle","state":"PG","country":"IY","country_iso3166":"IT","country_name":"Italy","zmw":"00000.65.16312","l":"/q/zmw:00000.65.16312"},{"name":"Govone","city":"Govone","state":"PM","country":"IY","country_iso3166":"IT","country_name":"Italy","zmw":"00000.118.16116","l":"/q/zmw:00000.118.16116"},{"name":"Grazzanise","city":"Grazzanise","state":"CM","country":"IY","country_iso3166":"IT","country_name":"Italy","zmw":"00000.84.16253","l":"/q/zmw:00000.84.16253"},{"name":"Grosseto","city":"Grosseto","state":"TO","country":"IY","country_iso3166":"IT","country_name":"Italy","zmw":"00000.152.16206","l":"/q/zmw:00000.152.16206"},{"name":"Grottaglie","city":"Grottaglie","state":"PG","country":"IY","country_iso3166":"IT","country_name":"Italy","zmw":"00000.15.16324","l":"/q/zmw:00000.15.16324"},{"name":"Guidonia","city":"Guidonia","state":"LZ","country":"IY","country_iso3166":"IT","country_name":"Italy","zmw":"00000.54.16234","l":"/q/zmw:00000.54.16234"},{"name":"Imperia","city":"Imperia","state":"LG","country":"IY","country_iso3166":"IT","country_name":"Italy","zmw":"00000.115.16154","l":"/q/zmw:00000.115.16154"},{"name":"Istrana","city":"Istrana","state":"VE","country":"IY","country_iso3166":"IT","country_name":"Italy","zmw":"00000.62.16098","l":"/q/zmw:00000.62.16098"},{"name":"Lamezia Terme","city":"Lamezia Terme","state":"CL","country":"IY","country_iso3166":"IT","country_name":"Italy","zmw":"00000.458.16362","l":"/q/zmw:00000.458.16362"},{"name":"Lampedusa","city":"Lampedusa","state":"SI","country":"IY","country_iso3166":"IT","country_name":"Italy","zmw":"00000.3.16490","l":"/q/zmw:00000.3.16490"},{"name":"Lamporo","city":"Lamporo","state":"PM","country":"IY","country_iso3166":"IT","country_name":"Italy","zmw":"00000.99.16059","l":"/q/zmw:00000.99.16059"},{"name":"Latronico","city":"Latronico","state":"BS","country":"IY","country_iso3166":"IT","country_name":"Italy","zmw":"00000.27.16316","l":"/q/zmw:00000.27.16316"},{"name":"Lecce","city":"Lecce","state":"PG","country":"IY","country_iso3166":"IT","country_name":"Italy","zmw":"00000.128.16332","l":"/q/zmw:00000.128.16332"},{"name":"Levaldigi","city":"Levaldigi","state":"PM","country":"IY","country_iso3166":"IT","country_name":"Italy","zmw":"00000.47.WLIMZ","l":"/q/zmw:00000.47.WLIMZ"},{"name":"Marina di Ginosa","city":"Marina di Ginosa","state":"PG","country":"IY","country_iso3166":"IT","country_name":"Italy","zmw":"00000.35.16325","l":"/q/zmw:00000.35.16325"},{"name":"Messina","city":"Messina","state":"SI","country":"IY","country_iso3166":"IT","country_name":"Italy","zmw":"00000.279.16420","l":"/q/zmw:00000.279.16420"},{"name":"Mondovi","city":"Mondovi","state":"PM","country":"IY","country_iso3166":"IT","country_name":"Italy","zmw":"00000.62.16114","l":"/q/zmw:00000.62.16114"},{"name":"Monte Argentario","city":"Monte Argentario","state":"TO","country":"IY","country_iso3166":"IT","country_name":"Italy","zmw":"00000.18.16168","l":"/q/zmw:00000.18.16168"},{"name":"Monte Cimone","city":"Monte Cimone","state":"ER","country":"IY","country_iso3166":"IT","country_name":"Italy","zmw":"00000.347.16134","l":"/q/zmw:00000.347.16134"},{"name":"Monte Malanotte","city":"Monte Malanotte","state":"PM","country":"IY","country_iso3166":"IT","country_name":"Italy","zmw":"00000.72.16115","l":"/q/zmw:00000.72.16115"},{"name":"Montichiari","city":"Montichiari","state":"LM","country":"IY","country_iso3166":"IT","country_name":"Italy","zmw":"00000.80.WLIPO","l":"/q/zmw:00000.80.WLIPO"},{"name":"Naples","city":"Naples","state":"CM","country":"IY","country_iso3166":"IT","country_name":"Italy","zmw":"00000.278.16289","l":"/q/zmw:00000.278.16289"},{"name":"Novara","city":"Novara","state":"PM","country":"IY","country_iso3166":"IT","country_name":"Italy","zmw":"00000.251.16064","l":"/q/zmw:00000.251.16064"},{"name":"Novi Ligure","city":"Novi Ligure","state":"PM","country":"IY","country_iso3166":"IT","country_name":"Italy","zmw":"00000.266.16118","l":"/q/zmw:00000.266.16118"},{"name":"Olbia","city":"Olbia","state":"SR","country":"IY","country_iso3166":"IT","country_name":"Italy","zmw":"00000.129.16531","l":"/q/zmw:00000.129.16531"},{"name":"Padova","city":"Padova","state":"VE","country":"IY","country_iso3166":"IT","country_name":"Italy","zmw":"00000.325.16095","l":"/q/zmw:00000.325.16095"},{"name":"Paganella","city":"Paganella","state":"TA","country":"IY","country_iso3166":"IT","country_name":"Italy","zmw":"00000.300.16022","l":"/q/zmw:00000.300.16022"},{"name":"Pantelleria","city":"Pantelleria","state":"SI","country":"IY","country_iso3166":"IT","country_name":"Italy","zmw":"00000.5.16470","l":"/q/zmw:00000.5.16470"},{"name":"Parma","city":"Parma","state":"ER","country":"IY","country_iso3166":"IT","country_name":"Italy","zmw":"00000.416.WLIMP","l":"/q/zmw:00000.416.WLIMP"},{"name":"Passo Della Cisa","city":"Passo Della Cisa","state":"TO","country":"IY","country_iso3166":"IT","country_name":"Italy","zmw":"00000.325.16124","l":"/q/zmw:00000.325.16124"},{"name":"Passo Rolle","city":"Passo Rolle","state":"TA","country":"IY","country_iso3166":"IT","country_name":"Italy","zmw":"00000.26.16021","l":"/q/zmw:00000.26.16021"},{"name":"Perdasdefogu","city":"Perdasdefogu","state":"SR","country":"IY","country_iso3166":"IT","country_name":"Italy","zmw":"00000.23.16541","l":"/q/zmw:00000.23.16541"},{"name":"Perugia","city":"Perugia","state":"UM","country":"IY","country_iso3166":"IT","country_name":"Italy","zmw":"00000.445.16181","l":"/q/zmw:00000.445.16181"},{"name":"Piacenza","city":"Piacenza","state":"ER","country":"IY","country_iso3166":"IT","country_name":"Italy","zmw":"00000.368.16084","l":"/q/zmw:00000.368.16084"},{"name":"Pian Rosa","city":"Pian Rosa","state":"VA","country":"IY","country_iso3166":"IT","country_name":"Italy","zmw":"00000.52.16052","l":"/q/zmw:00000.52.16052"},{"name":"Pinerolo","city":"Pinerolo","state":"PM","country":"IY","country_iso3166":"IT","country_name":"Italy","zmw":"00000.46.WTOR3","l":"/q/zmw:00000.46.WTOR3"},{"name":"Pisa","city":"Pisa","state":"TO","country":"IY","country_iso3166":"IT","country_name":"Italy","zmw":"00000.276.16158","l":"/q/zmw:00000.276.16158"},{"name":"Ponza","city":"Ponza","state":"LZ","country":"IY","country_iso3166":"IT","country_name":"Italy","zmw":"00000.4.16280","l":"/q/zmw:00000.4.16280"},{"name":"Potenza","city":"Potenza","state":"BS","country":"IY","country_iso3166":"IT","country_name":"Italy","zmw":"00000.127.16300","l":"/q/zmw:00000.127.16300"},{"name":"Pragelato","city":"Pragelato","state":"PM","country":"IY","country_iso3166":"IT","country_name":"Italy","zmw":"00000.22.WTOR4","l":"/q/zmw:00000.22.WTOR4"},{"name":"Pratica di Mare","city":"Pratica di Mare","state":"LZ","country":"IY","country_iso3166":"IT","country_name":"Italy","zmw":"00000.19.16245","l":"/q/zmw:00000.19.16245"},{"name":"Prizzi","city":"Prizzi","state":"SI","country":"IY","country_iso3166":"IT","country_name":"Italy","zmw":"00000.115.16434","l":"/q/zmw:00000.115.16434"},{"name":"Radicofani","city":"Radicofani","state":"TO","country":"IY","country_iso3166":"IT","country_name":"Italy","zmw":"00000.75.16204","l":"/q/zmw:00000.75.16204"},{"name":"Reggio Calabria","city":"Reggio Calabria","state":"CL","country":"IY","country_iso3166":"IT","country_name":"Italy","zmw":"00000.180.16422","l":"/q/zmw:00000.180.16422"},{"name":"Rieti","city":"Rieti","state":"LZ","country":"IY","country_iso3166":"IT","country_name":"Italy","zmw":"00000.255.16221","l":"/q/zmw:00000.255.16221"},{"name":"Rimini","city":"Rimini","state":"ER","country":"IY","country_iso3166":"IT","country_name":"Italy","zmw":"00000.252.16149","l":"/q/zmw:00000.252.16149"},{"name":"Rome","city":"Rome","state":"LZ","country":"IY","country_iso3166":"IT","country_name":"Italy","zmw":"00000.64.16240","l":"/q/zmw:00000.64.16240"},{"name":"Ronchi dei Legionari","city":"Ronchi dei Legionari","state":"FV","country":"IY","country_iso3166":"IT","country_name":"Italy","zmw":"00000.119.16108","l":"/q/zmw:00000.119.16108"},{"name":"Santa Maria Apparente","city":"Santa Maria Apparente","state":"MR","country":"IY","country_iso3166":"IT","country_name":"Italy","zmw":"00000.167.16191","l":"/q/zmw:00000.167.16191"},{"name":"Sauze d'Oulx","city":"Sauze d'Oulx","state":"PM","country":"IY","country_iso3166":"IT","country_name":"Italy","zmw":"00000.2.WTOR5","l":"/q/zmw:00000.2.WTOR5"},{"name":"Sicignano degli Alburni Stazione","city":"Sicignano degli Alburni Stazione","state":"CM","country":"IY","country_iso3166":"IT","country_name":"Italy","zmw":"00000.107.16292","l":"/q/zmw:00000.107.16292"},{"name":"Sigonella","city":"Sigonella","state":"SI","country":"IY","country_iso3166":"IT","country_name":"Italy","zmw":"00000.60.16459","l":"/q/zmw:00000.60.16459"},{"name":"Tarvisio","city":"Tarvisio","state":"FV","country":"IY","country_iso3166":"IT","country_name":"Italy","zmw":"00000.23.16040","l":"/q/zmw:00000.23.16040"},{"name":"Teramo","city":"Teramo","state":"AB","country":"IY","country_iso3166":"IT","country_name":"Italy","zmw":"00000.537.WTERA","l":"/q/zmw:00000.537.WTERA"},{"name":"Termoli","city":"Termoli","state":"ML","country":"IY","country_iso3166":"IT","country_name":"Italy","zmw":"00000.71.16232","l":"/q/zmw:00000.71.16232"},{"name":"Trapani","city":"Trapani","state":"SI","country":"IY","country_iso3166":"IT","country_name":"Italy","zmw":"00000.143.16429","l":"/q/zmw:00000.143.16429"},{"name":"Trevico","city":"Trevico","state":"CM","country":"IY","country_iso3166":"IT","country_name":"Italy","zmw":"00000.173.16263","l":"/q/zmw:00000.173.16263"},{"name":"Trieste","city":"Trieste","state":"FV","country":"IY","country_iso3166":"IT","country_name":"Italy","zmw":"00000.83.16110","l":"/q/zmw:00000.83.16110"},{"name":"Ustica","city":"Ustica","state":"SI","country":"IY","country_iso3166":"IT","country_name":"Italy","zmw":"00000.1.16400","l":"/q/zmw:00000.1.16400"},{"name":"Verona","city":"Verona","state":"VE","country":"IY","country_iso3166":"IT","country_name":"Italy","zmw":"00000.423.16090","l":"/q/zmw:00000.423.16090"},{"name":"Vicenza","city":"Vicenza","state":"VE","country":"IY","country_iso3166":"IT","country_name":"Italy","zmw":"00000.325.16094","l":"/q/zmw:00000.325.16094"},{"name":"Vigna di Valle","city":"Vigna di Valle","state":"LZ","country":"IY","country_iso3166":"IT","country_name":"Italy","zmw":"00000.40.16224","l":"/q/zmw:00000.40.16224"},{"name":"Viterbo","city":"Viterbo","state":"LZ","country":"IY","country_iso3166":"IT","country_name":"Italy","zmw":"00000.155.16216","l":"/q/zmw:00000.155.16216"},{"name":"Volterra","city":"Volterra","state":"TO","country":"IY","country_iso3166":"IT","country_name":"Italy","zmw":"00000.285.16164","l":"/q/zmw:00000.285.16164"},{"name":"Volvera","city":"Volvera","state":"PM","country":"IY","country_iso3166":"IT","country_name":"Italy","zmw":"00000.38.WTOR6","l":"/q/zmw:00000.38.WTOR6"},{"name":"Mauro","city":"Savigliano","state":"CN","country":"IT","country_iso3166":"TT","country_name":"Italy","zmw":"00000.1.16227","l":"/q/zmw:00000.1.16227"},{"name":"Mauro","city":"Savigliano","state":"CN","country":"IT","country_iso3166":"TT","country_name":"Italy","zmw":"00000.1.16227","l":"/q/zmw:00000.1.16227"},{"name":"Mauro","city":"Savigliano","state":"CN","country":"IT","country_iso3166":"TT","country_name":"Italy","zmw":"00000.1.16227","l":"/q/zmw:00000.1.16227"},{"name":"Ultimo","city":"Savigliano","state":"CN","country":"IT","country_iso3166":"TT","country_name":"Italy","zmw":"00000.1.16227","l":"/q/zmw:00000.1.16227"},{"name":"nuovo dato","city":"Fossano","state":"ITaly","country":"IT","country_iso3166":"RR","country_name":"Italy","zmw":"165-558-896"},{"name":"nuovo dato","city":"Fossano","state":"ITaly","country":"IT","country_iso3166":"RR","country_name":"Italy","zmw":"165-558-896"}]